section,subcategory,rank,name,count,pct_of_builds,move_type,move_category,notes
META,dataset,,builds.csv + moves.json (gens 1–9 merged),16744,100,,,Each build row = one preset; slash moves count each listed option
TOP_ITEMS,,1,Leftovers,2652,15.84,,,
TOP_ITEMS,,2,Life Orb,2044,12.21,,,
TOP_ITEMS,,3,Choice Scarf,1353,8.08,,,
TOP_ITEMS,,4,Eviolite,1014,6.06,,,
TOP_ITEMS,,5,Choice Band,993,5.93,,,
TOP_ITEMS,,6,Heavy-Duty Boots,956,5.71,,,
TOP_ITEMS,,7,Choice Specs,800,4.78,,,
TOP_ITEMS,,8,Focus Sash,688,4.11,,,
TOP_ITEMS,,9,Assault Vest,429,2.56,,,
TOP_ITEMS,,10,Rocky Helmet,337,2.01,,,
TOP_ITEMS,,11,Sitrus Berry,271,1.62,,,
TOP_ITEMS,,12,Black Sludge,205,1.22,,,
TOP_ITEMS,,13,Lum Berry,187,1.12,,,
TOP_ITEMS,,14,Light Clay,158,0.94,,,
TOP_ITEMS,,15,Toxic Orb,150,0.90,,,
TOP_ITEMS,,16,Weakness Policy,119,0.71,,,
TOP_ITEMS,,17,Booster Energy,119,0.71,,,
TOP_ITEMS,,18,Oran Berry,114,0.68,,,
TOP_ITEMS,,19,Berry Juice,114,0.68,,,
TOP_ITEMS,,20,Air Balloon,102,0.61,,,
TOP_ITEMS,,21,Colbur Berry,98,0.59,,,
TOP_ITEMS,,22,Custap Berry,97,0.58,,,
TOP_ITEMS,,23,Power Herb,90,0.54,,,
TOP_ITEMS,,24,Flame Orb,85,0.51,,,
TOP_ITEMS,,25,Expert Belt,75,0.45,,,
TOP_ITEMS,,26,Normalium Z,66,0.39,,,
TOP_ITEMS,,27,Fightinium Z,66,0.39,,,
TOP_ITEMS,,28,Damp Rock,64,0.38,,,
TOP_ITEMS,,29,Mental Herb,62,0.37,,,
TOP_ITEMS,,30,Flyinium Z,62,0.37,,,
TOP_ITEMS,,31,Heat Rock,61,0.36,,,
TOP_ITEMS,,32,Shuca Berry,61,0.36,,,
TOP_ITEMS,,33,Covert Cloak,50,0.30,,,
TOP_ITEMS,,34,Electrium Z,48,0.29,,,
TOP_ITEMS,,35,Waterium Z,48,0.29,,,
TOP_ITEMS,,36,Safety Goggles,47,0.28,,,
TOP_ITEMS,,37,Chople Berry,45,0.27,,,
TOP_ITEMS,,38,Chesto Berry,43,0.26,,,
TOP_ITEMS,,39,Loaded Dice,43,0.26,,,
TOP_ITEMS,,40,Earth Plate,38,0.23,,,
TOP_ITEMS,,41,Silk Scarf,38,0.23,,,
TOP_ITEMS,,42,Rockium Z,38,0.23,,,
TOP_ITEMS,,43,White Herb,37,0.22,,,
TOP_ITEMS,,44,Salac Berry,36,0.22,,,
TOP_ITEMS,,45,Flying Gem,36,0.22,,,
TOP_ITEMS,,46,Groundium Z,36,0.22,,,
TOP_ITEMS,,47,Grassy Seed,36,0.22,,,
TOP_ITEMS,,48,Black Glasses,35,0.21,,,
TOP_ITEMS,,49,Pixie Plate,35,0.21,,,
TOP_ITEMS,,50,Red Orb,35,0.21,,,
TOP_ABILITIES,,1,Regenerator,471,2.81,,,Blank abilities omitted from this section
TOP_ABILITIES,,2,Magic Guard,251,1.50,,,Blank abilities omitted from this section
TOP_ABILITIES,,3,Sturdy,172,1.03,,,Blank abilities omitted from this section
TOP_ABILITIES,,4,Technician,170,1.02,,,Blank abilities omitted from this section
TOP_ABILITIES,,5,Mold Breaker,158,0.94,,,Blank abilities omitted from this section
TOP_ABILITIES,,6,Sheer Force,154,0.92,,,Blank abilities omitted from this section
TOP_ABILITIES,,7,Intimidate,129,0.77,,,Blank abilities omitted from this section
TOP_ABILITIES,,8,Prankster,128,0.76,,,Blank abilities omitted from this section
TOP_ABILITIES,,9,Magic Bounce,118,0.70,,,Blank abilities omitted from this section
TOP_ABILITIES,,10,Unaware,113,0.67,,,Blank abilities omitted from this section
TOP_ABILITIES,,11,Rough Skin,113,0.67,,,Blank abilities omitted from this section
TOP_ABILITIES,,12,Adaptability,110,0.66,,,Blank abilities omitted from this section
TOP_ABILITIES,,13,Thick Fat,102,0.61,,,Blank abilities omitted from this section
TOP_ABILITIES,,14,Poison Heal,102,0.61,,,Blank abilities omitted from this section
TOP_ABILITIES,,15,Infiltrator,101,0.60,,,Blank abilities omitted from this section
TOP_ABILITIES,,16,Water Absorb,100,0.60,,,Blank abilities omitted from this section
TOP_ABILITIES,,17,Rock Head,100,0.60,,,Blank abilities omitted from this section
TOP_ABILITIES,,18,Speed Boost,94,0.56,,,Blank abilities omitted from this section
TOP_ABILITIES,,19,Multiscale,94,0.56,,,Blank abilities omitted from this section
TOP_ABILITIES,,20,Huge Power,88,0.53,,,Blank abilities omitted from this section
TOP_ABILITIES,,21,Moxie,86,0.51,,,Blank abilities omitted from this section
TOP_ABILITIES,,22,Unburden,85,0.51,,,Blank abilities omitted from this section
TOP_ABILITIES,,23,Guts,84,0.50,,,Blank abilities omitted from this section
TOP_ABILITIES,,24,Defiant,81,0.48,,,Blank abilities omitted from this section
TOP_ABILITIES,,25,Solid Rock,80,0.48,,,Blank abilities omitted from this section
TOP_ABILITIES,,26,Protean,79,0.47,,,Blank abilities omitted from this section
TOP_ABILITIES,,27,Inner Focus,77,0.46,,,Blank abilities omitted from this section
TOP_ABILITIES,,28,Lightning Rod,77,0.46,,,Blank abilities omitted from this section
TOP_ABILITIES,,29,Grassy Surge,75,0.45,,,Blank abilities omitted from this section
TOP_ABILITIES,,30,Tinted Lens,72,0.43,,,Blank abilities omitted from this section
TOP_ABILITIES,,31,Skill Link,72,0.43,,,Blank abilities omitted from this section
TOP_ABILITIES,,32,Contrary,70,0.42,,,Blank abilities omitted from this section
TOP_ABILITIES,,33,Storm Drain,68,0.41,,,Blank abilities omitted from this section
TOP_ABILITIES,,34,Chlorophyll,68,0.41,,,Blank abilities omitted from this section
TOP_ABILITIES,,35,Trace,67,0.40,,,Blank abilities omitted from this section
TOP_ABILITIES,,36,Weak Armor,65,0.39,,,Blank abilities omitted from this section
TOP_ABILITIES,,37,Flame Body,64,0.38,,,Blank abilities omitted from this section
TOP_ABILITIES,,38,Analytic,63,0.38,,,Blank abilities omitted from this section
TOP_ABILITIES,,39,Overcoat,63,0.38,,,Blank abilities omitted from this section
TOP_ABILITIES,,40,Dry Skin,61,0.36,,,Blank abilities omitted from this section
TOP_ABILITIES,,41,Drizzle,61,0.36,,,Blank abilities omitted from this section
TOP_ABILITIES,,42,Flash Fire,60,0.36,,,Blank abilities omitted from this section
TOP_ABILITIES,,43,Frisk,60,0.36,,,Blank abilities omitted from this section
TOP_ABILITIES,,44,Snow Warning,59,0.35,,,Blank abilities omitted from this section
TOP_ABILITIES,,45,Serene Grace,55,0.33,,,Blank abilities omitted from this section
TOP_ABILITIES,,46,Sap Sipper,55,0.33,,,Blank abilities omitted from this section
TOP_ABILITIES,,47,Iron Fist,54,0.32,,,Blank abilities omitted from this section
TOP_ABILITIES,,48,Scrappy,53,0.32,,,Blank abilities omitted from this section
TOP_ABILITIES,,49,Drought,52,0.31,,,Blank abilities omitted from this section
TOP_ABILITIES,,50,Static,51,0.30,,,Blank abilities omitted from this section
TOP_NATURES,,1,Timid,3680,21.98,,,
TOP_NATURES,,2,Jolly,3241,19.36,,,
TOP_NATURES,,3,Adamant,2657,15.87,,,
TOP_NATURES,,4,Modest,1617,9.66,,,
TOP_NATURES,,5,Bold,1395,8.33,,,
TOP_NATURES,,6,Impish,797,4.76,,,
TOP_NATURES,,7,Calm,684,4.09,,,
TOP_NATURES,,8,Careful,682,4.07,,,
TOP_NATURES,,9,Naive,449,2.68,,,
TOP_NATURES,,10,Relaxed,346,2.07,,,
TOP_NATURES,,11,Sassy,291,1.74,,,
TOP_NATURES,,12,Hasty,206,1.23,,,
TOP_NATURES,,13,Brave,205,1.22,,,
TOP_NATURES,,14,Quiet,202,1.21,,,
TOP_NATURES,,15,Rash,91,0.54,,,
TOP_NATURES,,16,Naughty,80,0.48,,,
TOP_NATURES,,17,Mild,57,0.34,,,
TOP_NATURES,,18,Lonely,50,0.30,,,
TOP_NATURES,,19,Hardy,8,0.05,,,
TOP_NATURES,,20,Lax,2,0.01,,,
TOP_NATURES,,21,Gentle,2,0.01,,,
TOP_NATURES,,22,Serious,1,0.01,,,
TOP_NATURES,,23,Docile,1,0.01,,,
TOP_MOVES_ALL,,1,Earthquake,2780,16.60,Ground,Physical,
TOP_MOVES_ALL,,2,Knock Off,2104,12.57,Dark,Physical,
TOP_MOVES_ALL,,3,Protect,1997,11.93,Normal,Status,
TOP_MOVES_ALL,,4,Stealth Rock,1928,11.51,Rock,Status,
TOP_MOVES_ALL,,5,U-turn,1856,11.08,Bug,Physical,
TOP_MOVES_ALL,,6,Toxic,1784,10.65,Poison,Status,
TOP_MOVES_ALL,,7,Substitute,1598,9.54,Normal,Status,
TOP_MOVES_ALL,,8,Ice Beam,1522,9.09,Ice,Special,
TOP_MOVES_ALL,,9,Swords Dance,1440,8.60,Normal,Status,
TOP_MOVES_ALL,,10,Taunt,1408,8.41,Dark,Status,
TOP_MOVES_ALL,,11,Thunderbolt,1358,8.11,Electric,Special,
TOP_MOVES_ALL,,12,Roost,1207,7.21,Flying,Status,
TOP_MOVES_ALL,,13,Stone Edge,1135,6.78,Rock,Physical,
TOP_MOVES_ALL,,14,Close Combat,1122,6.70,Fighting,Physical,
TOP_MOVES_ALL,,15,Recover,1066,6.37,Normal,Status,
TOP_MOVES_ALL,,16,Psychic,1012,6.04,Psychic,Special,
TOP_MOVES_ALL,,17,Shadow Ball,936,5.59,Ghost,Special,
TOP_MOVES_ALL,,18,Earth Power,926,5.53,Ground,Special,
TOP_MOVES_ALL,,19,Calm Mind,917,5.48,Psychic,Status,
TOP_MOVES_ALL,,20,Thunder Wave,886,5.29,Electric,Status,
TOP_MOVES_ALL,,21,Focus Blast,873,5.21,Fighting,Special,
TOP_MOVES_ALL,,22,Will-O-Wisp,858,5.12,Fire,Status,
TOP_MOVES_ALL,,23,Fire Blast,843,5.03,Fire,Special,
TOP_MOVES_ALL,,24,Flamethrower,815,4.87,Fire,Special,
TOP_MOVES_ALL,,25,Scald,778,4.65,Water,Special,
TOP_MOVES_ALL,,26,Volt Switch,743,4.44,Electric,Special,
TOP_MOVES_ALL,,27,Sucker Punch,719,4.29,Dark,Physical,
TOP_MOVES_ALL,,28,Superpower,688,4.11,Fighting,Physical,
TOP_MOVES_ALL,,29,Spikes,673,4.02,Ground,Status,
TOP_MOVES_ALL,,30,Draco Meteor,669,4.00,Dragon,Special,
TOP_MOVES_ALL,,31,Hidden Power Ice,645,3.85,Ice,Special,
TOP_MOVES_ALL,,32,Hydro Pump,641,3.83,Water,Special,
TOP_MOVES_ALL,,33,Trick,632,3.77,Psychic,Status,
TOP_MOVES_ALL,,34,Rock Slide,627,3.74,Rock,Physical,
TOP_MOVES_ALL,,35,Encore,616,3.68,Normal,Status,
TOP_MOVES_ALL,,36,Sludge Bomb,615,3.67,Poison,Special,
TOP_MOVES_ALL,,37,Moonblast,610,3.64,Fairy,Special,
TOP_MOVES_ALL,,38,Defog,609,3.64,Flying,Status,
TOP_MOVES_ALL,,39,Nasty Plot,603,3.60,Dark,Status,
TOP_MOVES_ALL,,40,Ice Punch,594,3.55,Ice,Physical,
TOP_MOVES_ALL,,41,Rest,576,3.44,Psychic,Status,
TOP_MOVES_ALL,,42,Rapid Spin,565,3.37,Normal,Physical,
TOP_MOVES_ALL,,43,Hidden Power Fire,551,3.29,Fire,Special,
TOP_MOVES_ALL,,44,Surf,535,3.20,Water,Special,
TOP_MOVES_ALL,,45,Giga Drain,531,3.17,Grass,Special,
TOP_MOVES_ALL,,46,Return,528,3.15,Normal,Physical,
TOP_MOVES_ALL,,47,Iron Head,528,3.15,Steel,Physical,
TOP_MOVES_ALL,,48,Crunch,525,3.14,Dark,Physical,
TOP_MOVES_ALL,,49,Psyshock,516,3.08,Psychic,Special,
TOP_MOVES_ALL,,50,Outrage,477,2.85,Dragon,Physical,
TOP_MOVES_ALL,,51,Dragon Dance,443,2.65,Dragon,Status,
TOP_MOVES_ALL,,52,Pursuit,406,2.42,Dark,Physical,
TOP_MOVES_ALL,,53,Dark Pulse,399,2.38,Dark,Special,
TOP_MOVES_ALL,,54,Flare Blitz,391,2.34,Fire,Physical,
TOP_MOVES_ALL,,55,Grass Knot,385,2.30,Grass,Special,
TOP_MOVES_ALL,,56,Waterfall,380,2.27,Water,Physical,
TOP_MOVES_ALL,,57,Brave Bird,377,2.25,Flying,Physical,
TOP_MOVES_ALL,,58,Drain Punch,376,2.25,Fighting,Physical,
TOP_MOVES_ALL,,59,Hidden Power Grass,375,2.24,Grass,Special,
TOP_MOVES_ALL,,60,Explosion,351,2.10,Normal,Physical,
TOP_MOVES_ALL,,61,Heat Wave,348,2.08,Fire,Special,
TOP_MOVES_ALL,,62,Extreme Speed,348,2.08,Normal,Physical,
TOP_MOVES_ALL,,63,Fake Out,346,2.07,Normal,Physical,
TOP_MOVES_ALL,,64,Fire Punch,343,2.05,Fire,Physical,
TOP_MOVES_ALL,,65,Trick Room,331,1.98,Psychic,Status,
TOP_MOVES_ALL,,66,Thunder,330,1.97,Electric,Special,
TOP_MOVES_ALL,,67,Sleep Talk,329,1.96,Normal,Status,
TOP_MOVES_ALL,,68,Overheat,328,1.96,Fire,Special,
TOP_MOVES_ALL,,69,Synthesis,325,1.94,Grass,Status,
TOP_MOVES_ALL,,70,Dazzling Gleam,325,1.94,Fairy,Special,
TOP_MOVES_ALL,,71,Hurricane,321,1.92,Flying,Special,
TOP_MOVES_ALL,,72,Flash Cannon,318,1.90,Steel,Special,
TOP_MOVES_ALL,,73,Energy Ball,315,1.88,Grass,Special,
TOP_MOVES_ALL,,74,Leech Seed,315,1.88,Grass,Status,
TOP_MOVES_ALL,,75,Body Press,309,1.85,Fighting,Physical,
TOP_MOVES_ALL,,76,Aqua Jet,305,1.82,Water,Physical,
TOP_MOVES_ALL,,77,Tera Blast,305,1.82,Normal,Special,
TOP_MOVES_ALL,,78,Poison Jab,302,1.80,Poison,Physical,
TOP_MOVES_ALL,,79,Low Kick,289,1.73,Fighting,Physical,
TOP_MOVES_ALL,,80,Toxic Spikes,288,1.72,Poison,Status,
TOP_MOVES_ALL,,81,Roar,287,1.71,Normal,Status,
TOP_MOVES_ALL,,82,Bulk Up,282,1.68,Fighting,Status,
TOP_MOVES_ALL,,83,Leaf Storm,279,1.67,Grass,Special,
TOP_MOVES_ALL,,84,Play Rough,272,1.62,Fairy,Physical,
TOP_MOVES_ALL,,85,Ice Shard,269,1.61,Ice,Physical,
TOP_MOVES_ALL,,86,Gunk Shot,265,1.58,Poison,Physical,
TOP_MOVES_ALL,,87,Air Slash,263,1.57,Flying,Special,
TOP_MOVES_ALL,,88,Sludge Wave,258,1.54,Poison,Special,
TOP_MOVES_ALL,,89,Sleep Powder,251,1.50,Grass,Status,
TOP_MOVES_ALL,,90,Foul Play,250,1.49,Dark,Physical,
TOP_MOVES_ALL,,91,Pain Split,248,1.48,Normal,Status,
TOP_MOVES_ALL,,92,Zen Headbutt,247,1.48,Psychic,Physical,
TOP_MOVES_ALL,,93,Shadow Sneak,247,1.48,Ghost,Physical,
TOP_MOVES_ALL,,94,Heavy Slam,247,1.48,Steel,Physical,
TOP_MOVES_ALL,,95,Hidden Power Ground,242,1.45,Ground,Special,
TOP_MOVES_ALL,,96,Double-Edge,242,1.45,Normal,Physical,
TOP_MOVES_ALL,,97,Power Whip,241,1.44,Grass,Physical,
TOP_MOVES_ALL,,98,Heal Bell,232,1.39,Normal,Status,
TOP_MOVES_ALL,,99,Bullet Punch,231,1.38,Steel,Physical,
TOP_MOVES_ALL,,100,Reflect,227,1.36,Psychic,Status,
TOP_MOVES_BY_MOVE_TYPE,Bug,1,U-turn,1856,11.08,Bug,Physical,Top 20 moves of this elemental type by slot appearances
TOP_MOVES_BY_MOVE_TYPE,Bug,2,Bug Buzz,213,1.27,Bug,Special,Top 20 moves of this elemental type by slot appearances
TOP_MOVES_BY_MOVE_TYPE,Bug,3,X-Scissor,180,1.08,Bug,Physical,Top 20 moves of this elemental type by slot appearances
TOP_MOVES_BY_MOVE_TYPE,Bug,4,Megahorn,169,1.01,Bug,Physical,Top 20 moves of this elemental type by slot appearances
TOP_MOVES_BY_MOVE_TYPE,Bug,5,Quiver Dance,144,0.86,Bug,Status,Top 20 moves of this elemental type by slot appearances
TOP_MOVES_BY_MOVE_TYPE,Bug,6,Signal Beam,121,0.72,Bug,Special,Top 20 moves of this elemental type by slot appearances
TOP_MOVES_BY_MOVE_TYPE,Bug,7,Sticky Web,117,0.70,Bug,Status,Top 20 moves of this elemental type by slot appearances
TOP_MOVES_BY_MOVE_TYPE,Bug,8,Bug Bite,69,0.41,Bug,Physical,Top 20 moves of this elemental type by slot appearances
TOP_MOVES_BY_MOVE_TYPE,Bug,9,First Impression,57,0.34,Bug,Physical,Top 20 moves of this elemental type by slot appearances
TOP_MOVES_BY_MOVE_TYPE,Bug,10,Leech Life,56,0.33,Bug,Physical,Top 20 moves of this elemental type by slot appearances
TOP_MOVES_BY_MOVE_TYPE,Bug,11,Tail Glow,49,0.29,Bug,Status,Top 20 moves of this elemental type by slot appearances
TOP_MOVES_BY_MOVE_TYPE,Bug,12,Rage Powder,43,0.26,Bug,Status,Top 20 moves of this elemental type by slot appearances
TOP_MOVES_BY_MOVE_TYPE,Bug,13,Pollen Puff,25,0.15,Bug,Special,Top 20 moves of this elemental type by slot appearances
TOP_MOVES_BY_MOVE_TYPE,Bug,14,Infestation,23,0.14,Bug,Special,Top 20 moves of this elemental type by slot appearances
TOP_MOVES_BY_MOVE_TYPE,Bug,15,Pin Missile,22,0.13,Bug,Physical,Top 20 moves of this elemental type by slot appearances
TOP_MOVES_BY_MOVE_TYPE,Bug,16,Lunge,15,0.09,Bug,Physical,Top 20 moves of this elemental type by slot appearances
TOP_MOVES_BY_MOVE_TYPE,Bug,17,String Shot,9,0.05,Bug,Status,Top 20 moves of this elemental type by slot appearances
TOP_MOVES_BY_MOVE_TYPE,Bug,18,Skitter Smack,9,0.05,Bug,Physical,Top 20 moves of this elemental type by slot appearances
TOP_MOVES_BY_MOVE_TYPE,Bug,19,Pounce,5,0.03,Bug,Physical,Top 20 moves of this elemental type by slot appearances
TOP_MOVES_BY_MOVE_TYPE,Bug,20,Hidden Power Bug,4,0.02,Bug,Special,Top 20 moves of this elemental type by slot appearances
TOP_MOVES_BY_MOVE_TYPE,Dark,1,Knock Off,2104,12.57,Dark,Physical,Top 20 moves of this elemental type by slot appearances
TOP_MOVES_BY_MOVE_TYPE,Dark,2,Taunt,1408,8.41,Dark,Status,Top 20 moves of this elemental type by slot appearances
TOP_MOVES_BY_MOVE_TYPE,Dark,3,Sucker Punch,719,4.29,Dark,Physical,Top 20 moves of this elemental type by slot appearances
TOP_MOVES_BY_MOVE_TYPE,Dark,4,Nasty Plot,603,3.60,Dark,Status,Top 20 moves of this elemental type by slot appearances
TOP_MOVES_BY_MOVE_TYPE,Dark,5,Crunch,525,3.14,Dark,Physical,Top 20 moves of this elemental type by slot appearances
TOP_MOVES_BY_MOVE_TYPE,Dark,6,Pursuit,406,2.42,Dark,Physical,Top 20 moves of this elemental type by slot appearances
TOP_MOVES_BY_MOVE_TYPE,Dark,7,Dark Pulse,399,2.38,Dark,Special,Top 20 moves of this elemental type by slot appearances
TOP_MOVES_BY_MOVE_TYPE,Dark,8,Foul Play,250,1.49,Dark,Physical,Top 20 moves of this elemental type by slot appearances
TOP_MOVES_BY_MOVE_TYPE,Dark,9,Parting Shot,148,0.88,Dark,Status,Top 20 moves of this elemental type by slot appearances
TOP_MOVES_BY_MOVE_TYPE,Dark,10,Memento,111,0.66,Dark,Status,Top 20 moves of this elemental type by slot appearances
TOP_MOVES_BY_MOVE_TYPE,Dark,11,Switcheroo,97,0.58,Dark,Status,Top 20 moves of this elemental type by slot appearances
TOP_MOVES_BY_MOVE_TYPE,Dark,12,Snarl,92,0.55,Dark,Special,Top 20 moves of this elemental type by slot appearances
TOP_MOVES_BY_MOVE_TYPE,Dark,13,Night Slash,85,0.51,Dark,Physical,Top 20 moves of this elemental type by slot appearances
TOP_MOVES_BY_MOVE_TYPE,Dark,14,Payback,76,0.45,Dark,Physical,Top 20 moves of this elemental type by slot appearances
TOP_MOVES_BY_MOVE_TYPE,Dark,15,Throat Chop,70,0.42,Dark,Physical,Top 20 moves of this elemental type by slot appearances
TOP_MOVES_BY_MOVE_TYPE,Dark,16,Darkest Lariat,49,0.29,Dark,Physical,Top 20 moves of this elemental type by slot appearances
TOP_MOVES_BY_MOVE_TYPE,Dark,17,Topsy-Turvy,44,0.26,Dark,Status,Top 20 moves of this elemental type by slot appearances
TOP_MOVES_BY_MOVE_TYPE,Dark,18,Wicked Blow,39,0.23,Dark,Physical,Top 20 moves of this elemental type by slot appearances
TOP_MOVES_BY_MOVE_TYPE,Dark,19,Beat Up,38,0.23,Dark,Physical,Top 20 moves of this elemental type by slot appearances
TOP_MOVES_BY_MOVE_TYPE,Dark,20,Thief,37,0.22,Dark,Physical,Top 20 moves of this elemental type by slot appearances
TOP_MOVES_BY_MOVE_TYPE,Dragon,1,Draco Meteor,669,4.00,Dragon,Special,Top 20 moves of this elemental type by slot appearances
TOP_MOVES_BY_MOVE_TYPE,Dragon,2,Outrage,477,2.85,Dragon,Physical,Top 20 moves of this elemental type by slot appearances
TOP_MOVES_BY_MOVE_TYPE,Dragon,3,Dragon Dance,443,2.65,Dragon,Status,Top 20 moves of this elemental type by slot appearances
TOP_MOVES_BY_MOVE_TYPE,Dragon,4,Dragon Claw,227,1.36,Dragon,Physical,Top 20 moves of this elemental type by slot appearances
TOP_MOVES_BY_MOVE_TYPE,Dragon,5,Dragon Pulse,185,1.10,Dragon,Special,Top 20 moves of this elemental type by slot appearances
TOP_MOVES_BY_MOVE_TYPE,Dragon,6,Dragon Tail,175,1.05,Dragon,Physical,Top 20 moves of this elemental type by slot appearances
TOP_MOVES_BY_MOVE_TYPE,Dragon,7,Scale Shot,94,0.56,Dragon,Physical,Top 20 moves of this elemental type by slot appearances
TOP_MOVES_BY_MOVE_TYPE,Dragon,8,Dragon Darts,41,0.24,Dragon,Physical,Top 20 moves of this elemental type by slot appearances
TOP_MOVES_BY_MOVE_TYPE,Dragon,9,Spacial Rend,40,0.24,Dragon,Special,Top 20 moves of this elemental type by slot appearances
TOP_MOVES_BY_MOVE_TYPE,Dragon,10,Core Enforcer,39,0.23,Dragon,Special,Top 20 moves of this elemental type by slot appearances
TOP_MOVES_BY_MOVE_TYPE,Dragon,11,Clanging Scales,37,0.22,Dragon,Special,Top 20 moves of this elemental type by slot appearances
TOP_MOVES_BY_MOVE_TYPE,Dragon,12,Dynamax Cannon,29,0.17,Dragon,Special,Top 20 moves of this elemental type by slot appearances
TOP_MOVES_BY_MOVE_TYPE,Dragon,13,Dragon Energy,22,0.13,Dragon,Special,Top 20 moves of this elemental type by slot appearances
TOP_MOVES_BY_MOVE_TYPE,Dragon,14,Dual Chop,20,0.12,Dragon,Physical,Top 20 moves of this elemental type by slot appearances
TOP_MOVES_BY_MOVE_TYPE,Dragon,15,Fickle Beam,15,0.09,Dragon,Special,Top 20 moves of this elemental type by slot appearances
TOP_MOVES_BY_MOVE_TYPE,Dragon,16,Breaking Swipe,14,0.08,Dragon,Physical,Top 20 moves of this elemental type by slot appearances
TOP_MOVES_BY_MOVE_TYPE,Dragon,17,Clangorous Soul,12,0.07,Dragon,Status,Top 20 moves of this elemental type by slot appearances
TOP_MOVES_BY_MOVE_TYPE,Dragon,18,Glaive Rush,11,0.07,Dragon,Physical,Top 20 moves of this elemental type by slot appearances
TOP_MOVES_BY_MOVE_TYPE,Dragon,19,Dragon Rush,5,0.03,Dragon,Physical,Top 20 moves of this elemental type by slot appearances
TOP_MOVES_BY_MOVE_TYPE,Dragon,20,Order Up,5,0.03,Dragon,Physical,Top 20 moves of this elemental type by slot appearances
TOP_MOVES_BY_MOVE_TYPE,Electric,1,Thunderbolt,1358,8.11,Electric,Special,Top 20 moves of this elemental type by slot appearances
TOP_MOVES_BY_MOVE_TYPE,Electric,2,Thunder Wave,886,5.29,Electric,Status,Top 20 moves of this elemental type by slot appearances
TOP_MOVES_BY_MOVE_TYPE,Electric,3,Volt Switch,743,4.44,Electric,Special,Top 20 moves of this elemental type by slot appearances
TOP_MOVES_BY_MOVE_TYPE,Electric,4,Thunder,330,1.97,Electric,Special,Top 20 moves of this elemental type by slot appearances
TOP_MOVES_BY_MOVE_TYPE,Electric,5,Thunder Punch,226,1.35,Electric,Physical,Top 20 moves of this elemental type by slot appearances
TOP_MOVES_BY_MOVE_TYPE,Electric,6,Discharge,151,0.90,Electric,Special,Top 20 moves of this elemental type by slot appearances
TOP_MOVES_BY_MOVE_TYPE,Electric,7,Wild Charge,151,0.90,Electric,Physical,Top 20 moves of this elemental type by slot appearances
TOP_MOVES_BY_MOVE_TYPE,Electric,8,Hidden Power Electric,101,0.60,Electric,Special,Top 20 moves of this elemental type by slot appearances
TOP_MOVES_BY_MOVE_TYPE,Electric,9,Bolt Strike,89,0.53,Electric,Physical,Top 20 moves of this elemental type by slot appearances
TOP_MOVES_BY_MOVE_TYPE,Electric,10,Nuzzle,81,0.48,Electric,Physical,Top 20 moves of this elemental type by slot appearances
TOP_MOVES_BY_MOVE_TYPE,Electric,11,Magnet Rise,50,0.30,Electric,Status,Top 20 moves of this elemental type by slot appearances
TOP_MOVES_BY_MOVE_TYPE,Electric,12,Fusion Bolt,43,0.26,Electric,Physical,Top 20 moves of this elemental type by slot appearances
TOP_MOVES_BY_MOVE_TYPE,Electric,13,Thunderclap,36,0.22,Electric,Special,Top 20 moves of this elemental type by slot appearances
TOP_MOVES_BY_MOVE_TYPE,Electric,14,Charge Beam,34,0.20,Electric,Special,Top 20 moves of this elemental type by slot appearances
TOP_MOVES_BY_MOVE_TYPE,Electric,15,Electroweb,30,0.18,Electric,Special,Top 20 moves of this elemental type by slot appearances
TOP_MOVES_BY_MOVE_TYPE,Electric,16,Plasma Fists,30,0.18,Electric,Physical,Top 20 moves of this elemental type by slot appearances
TOP_MOVES_BY_MOVE_TYPE,Electric,17,Eerie Impulse,18,0.11,Electric,Status,Top 20 moves of this elemental type by slot appearances
TOP_MOVES_BY_MOVE_TYPE,Electric,18,Electro Drift,18,0.11,Electric,Special,Top 20 moves of this elemental type by slot appearances
TOP_MOVES_BY_MOVE_TYPE,Electric,19,Rising Voltage,16,0.10,Electric,Special,Top 20 moves of this elemental type by slot appearances
TOP_MOVES_BY_MOVE_TYPE,Electric,20,Bolt Beak,16,0.10,Electric,Physical,Top 20 moves of this elemental type by slot appearances
TOP_MOVES_BY_MOVE_TYPE,Fairy,1,Moonblast,610,3.64,Fairy,Special,Top 20 moves of this elemental type by slot appearances
TOP_MOVES_BY_MOVE_TYPE,Fairy,2,Dazzling Gleam,325,1.94,Fairy,Special,Top 20 moves of this elemental type by slot appearances
TOP_MOVES_BY_MOVE_TYPE,Fairy,3,Play Rough,272,1.62,Fairy,Physical,Top 20 moves of this elemental type by slot appearances
TOP_MOVES_BY_MOVE_TYPE,Fairy,4,Moonlight,139,0.83,Fairy,Status,Top 20 moves of this elemental type by slot appearances
TOP_MOVES_BY_MOVE_TYPE,Fairy,5,Draining Kiss,104,0.62,Fairy,Special,Top 20 moves of this elemental type by slot appearances
TOP_MOVES_BY_MOVE_TYPE,Fairy,6,Charm,42,0.25,Fairy,Status,Top 20 moves of this elemental type by slot appearances
TOP_MOVES_BY_MOVE_TYPE,Fairy,7,Nature's Madness,35,0.21,Fairy,Special,Top 20 moves of this elemental type by slot appearances
TOP_MOVES_BY_MOVE_TYPE,Fairy,8,Spirit Break,33,0.20,Fairy,Physical,Top 20 moves of this elemental type by slot appearances
TOP_MOVES_BY_MOVE_TYPE,Fairy,9,Fleur Cannon,25,0.15,Fairy,Special,Top 20 moves of this elemental type by slot appearances
TOP_MOVES_BY_MOVE_TYPE,Fairy,10,Alluring Voice,20,0.12,Fairy,Special,Top 20 moves of this elemental type by slot appearances
TOP_MOVES_BY_MOVE_TYPE,Fairy,11,Geomancy,14,0.08,Fairy,Status,Top 20 moves of this elemental type by slot appearances
TOP_MOVES_BY_MOVE_TYPE,Fairy,12,Strange Steam,9,0.05,Fairy,Special,Top 20 moves of this elemental type by slot appearances
TOP_MOVES_BY_MOVE_TYPE,Fairy,13,Misty Explosion,8,0.05,Fairy,Special,Top 20 moves of this elemental type by slot appearances
TOP_MOVES_BY_MOVE_TYPE,Fairy,14,Magical Torque,6,0.04,Fairy,Physical,Top 20 moves of this elemental type by slot appearances
TOP_MOVES_BY_MOVE_TYPE,Fairy,15,Sweet Kiss,3,0.02,Fairy,Status,Top 20 moves of this elemental type by slot appearances
TOP_MOVES_BY_MOVE_TYPE,Fairy,16,Baby-Doll Eyes,2,0.01,Fairy,Status,Top 20 moves of this elemental type by slot appearances
TOP_MOVES_BY_MOVE_TYPE,Fairy,17,Fairy Lock,2,0.01,Fairy,Status,Top 20 moves of this elemental type by slot appearances
TOP_MOVES_BY_MOVE_TYPE,Fairy,18,Light of Ruin,2,0.01,Fairy,Special,Top 20 moves of this elemental type by slot appearances
TOP_MOVES_BY_MOVE_TYPE,Fairy,19,Decorate,2,0.01,Fairy,Status,Top 20 moves of this elemental type by slot appearances
TOP_MOVES_BY_MOVE_TYPE,Fairy,20,Sparkly Swirl,1,0.01,Fairy,Special,Top 20 moves of this elemental type by slot appearances
TOP_MOVES_BY_MOVE_TYPE,Fighting,1,Close Combat,1122,6.70,Fighting,Physical,Top 20 moves of this elemental type by slot appearances
TOP_MOVES_BY_MOVE_TYPE,Fighting,2,Focus Blast,873,5.21,Fighting,Special,Top 20 moves of this elemental type by slot appearances
TOP_MOVES_BY_MOVE_TYPE,Fighting,3,Superpower,688,4.11,Fighting,Physical,Top 20 moves of this elemental type by slot appearances
TOP_MOVES_BY_MOVE_TYPE,Fighting,4,Drain Punch,376,2.25,Fighting,Physical,Top 20 moves of this elemental type by slot appearances
TOP_MOVES_BY_MOVE_TYPE,Fighting,5,Body Press,309,1.85,Fighting,Physical,Top 20 moves of this elemental type by slot appearances
TOP_MOVES_BY_MOVE_TYPE,Fighting,6,Low Kick,289,1.73,Fighting,Physical,Top 20 moves of this elemental type by slot appearances
TOP_MOVES_BY_MOVE_TYPE,Fighting,7,Bulk Up,282,1.68,Fighting,Status,Top 20 moves of this elemental type by slot appearances
TOP_MOVES_BY_MOVE_TYPE,Fighting,8,Hidden Power Fighting,191,1.14,Fighting,Special,Top 20 moves of this elemental type by slot appearances
TOP_MOVES_BY_MOVE_TYPE,Fighting,9,High Jump Kick,175,1.05,Fighting,Physical,Top 20 moves of this elemental type by slot appearances
TOP_MOVES_BY_MOVE_TYPE,Fighting,10,Mach Punch,163,0.97,Fighting,Physical,Top 20 moves of this elemental type by slot appearances
TOP_MOVES_BY_MOVE_TYPE,Fighting,11,Seismic Toss,156,0.93,Fighting,Physical,Top 20 moves of this elemental type by slot appearances
TOP_MOVES_BY_MOVE_TYPE,Fighting,12,Aura Sphere,146,0.87,Fighting,Special,Top 20 moves of this elemental type by slot appearances
TOP_MOVES_BY_MOVE_TYPE,Fighting,13,Brick Break,145,0.87,Fighting,Physical,Top 20 moves of this elemental type by slot appearances
TOP_MOVES_BY_MOVE_TYPE,Fighting,14,Counter,136,0.81,Fighting,Physical,Top 20 moves of this elemental type by slot appearances
TOP_MOVES_BY_MOVE_TYPE,Fighting,15,Sacred Sword,94,0.56,Fighting,Physical,Top 20 moves of this elemental type by slot appearances
TOP_MOVES_BY_MOVE_TYPE,Fighting,16,Secret Sword,76,0.45,Fighting,Special,Top 20 moves of this elemental type by slot appearances
TOP_MOVES_BY_MOVE_TYPE,Fighting,17,Vacuum Wave,70,0.42,Fighting,Special,Top 20 moves of this elemental type by slot appearances
TOP_MOVES_BY_MOVE_TYPE,Fighting,18,Focus Punch,62,0.37,Fighting,Physical,Top 20 moves of this elemental type by slot appearances
TOP_MOVES_BY_MOVE_TYPE,Fighting,19,Detect,60,0.36,Fighting,Status,Top 20 moves of this elemental type by slot appearances
TOP_MOVES_BY_MOVE_TYPE,Fighting,20,Final Gambit,58,0.35,Fighting,Special,Top 20 moves of this elemental type by slot appearances
TOP_MOVES_BY_MOVE_TYPE,Fire,1,Will-O-Wisp,858,5.12,Fire,Status,Top 20 moves of this elemental type by slot appearances
TOP_MOVES_BY_MOVE_TYPE,Fire,2,Fire Blast,843,5.03,Fire,Special,Top 20 moves of this elemental type by slot appearances
TOP_MOVES_BY_MOVE_TYPE,Fire,3,Flamethrower,815,4.87,Fire,Special,Top 20 moves of this elemental type by slot appearances
TOP_MOVES_BY_MOVE_TYPE,Fire,4,Hidden Power Fire,551,3.29,Fire,Special,Top 20 moves of this elemental type by slot appearances
TOP_MOVES_BY_MOVE_TYPE,Fire,5,Flare Blitz,391,2.34,Fire,Physical,Top 20 moves of this elemental type by slot appearances
TOP_MOVES_BY_MOVE_TYPE,Fire,6,Heat Wave,348,2.08,Fire,Special,Top 20 moves of this elemental type by slot appearances
TOP_MOVES_BY_MOVE_TYPE,Fire,7,Fire Punch,343,2.05,Fire,Physical,Top 20 moves of this elemental type by slot appearances
TOP_MOVES_BY_MOVE_TYPE,Fire,8,Overheat,328,1.96,Fire,Special,Top 20 moves of this elemental type by slot appearances
TOP_MOVES_BY_MOVE_TYPE,Fire,9,Lava Plume,117,0.70,Fire,Special,Top 20 moves of this elemental type by slot appearances
TOP_MOVES_BY_MOVE_TYPE,Fire,10,V-create,114,0.68,Fire,Physical,Top 20 moves of this elemental type by slot appearances
TOP_MOVES_BY_MOVE_TYPE,Fire,11,Mystical Fire,111,0.66,Fire,Special,Top 20 moves of this elemental type by slot appearances
TOP_MOVES_BY_MOVE_TYPE,Fire,12,Flame Charge,105,0.63,Fire,Physical,Top 20 moves of this elemental type by slot appearances
TOP_MOVES_BY_MOVE_TYPE,Fire,13,Sunny Day,100,0.60,Fire,Status,Top 20 moves of this elemental type by slot appearances
TOP_MOVES_BY_MOVE_TYPE,Fire,14,Sacred Fire,100,0.60,Fire,Physical,Top 20 moves of this elemental type by slot appearances
TOP_MOVES_BY_MOVE_TYPE,Fire,15,Fire Fang,96,0.57,Fire,Physical,Top 20 moves of this elemental type by slot appearances
TOP_MOVES_BY_MOVE_TYPE,Fire,16,Magma Storm,66,0.39,Fire,Special,Top 20 moves of this elemental type by slot appearances
TOP_MOVES_BY_MOVE_TYPE,Fire,17,Eruption,65,0.39,Fire,Special,Top 20 moves of this elemental type by slot appearances
TOP_MOVES_BY_MOVE_TYPE,Fire,18,Blue Flare,46,0.27,Fire,Special,Top 20 moves of this elemental type by slot appearances
TOP_MOVES_BY_MOVE_TYPE,Fire,19,Heat Crash,39,0.23,Fire,Physical,Top 20 moves of this elemental type by slot appearances
TOP_MOVES_BY_MOVE_TYPE,Fire,20,Pyro Ball,36,0.22,Fire,Physical,Top 20 moves of this elemental type by slot appearances
TOP_MOVES_BY_MOVE_TYPE,Flying,1,Roost,1207,7.21,Flying,Status,Top 20 moves of this elemental type by slot appearances
TOP_MOVES_BY_MOVE_TYPE,Flying,2,Defog,609,3.64,Flying,Status,Top 20 moves of this elemental type by slot appearances
TOP_MOVES_BY_MOVE_TYPE,Flying,3,Brave Bird,377,2.25,Flying,Physical,Top 20 moves of this elemental type by slot appearances
TOP_MOVES_BY_MOVE_TYPE,Flying,4,Hurricane,321,1.92,Flying,Special,Top 20 moves of this elemental type by slot appearances
TOP_MOVES_BY_MOVE_TYPE,Flying,5,Air Slash,263,1.57,Flying,Special,Top 20 moves of this elemental type by slot appearances
TOP_MOVES_BY_MOVE_TYPE,Flying,6,Tailwind,226,1.35,Flying,Status,Top 20 moves of this elemental type by slot appearances
TOP_MOVES_BY_MOVE_TYPE,Flying,7,Acrobatics,142,0.85,Flying,Physical,Top 20 moves of this elemental type by slot appearances
TOP_MOVES_BY_MOVE_TYPE,Flying,8,Aerial Ace,76,0.45,Flying,Physical,Top 20 moves of this elemental type by slot appearances
TOP_MOVES_BY_MOVE_TYPE,Flying,9,Dual Wingbeat,67,0.40,Flying,Physical,Top 20 moves of this elemental type by slot appearances
TOP_MOVES_BY_MOVE_TYPE,Flying,10,Dragon Ascent,59,0.35,Flying,Physical,Top 20 moves of this elemental type by slot appearances
TOP_MOVES_BY_MOVE_TYPE,Flying,11,Fly,39,0.23,Flying,Physical,Top 20 moves of this elemental type by slot appearances
TOP_MOVES_BY_MOVE_TYPE,Flying,12,Bounce,36,0.22,Flying,Physical,Top 20 moves of this elemental type by slot appearances
TOP_MOVES_BY_MOVE_TYPE,Flying,13,Hidden Power Flying,33,0.20,Flying,Special,Top 20 moves of this elemental type by slot appearances
TOP_MOVES_BY_MOVE_TYPE,Flying,14,Oblivion Wing,33,0.20,Flying,Special,Top 20 moves of this elemental type by slot appearances
TOP_MOVES_BY_MOVE_TYPE,Flying,15,Drill Peck,30,0.18,Flying,Physical,Top 20 moves of this elemental type by slot appearances
TOP_MOVES_BY_MOVE_TYPE,Flying,16,Bleakwind Storm,24,0.14,Flying,Special,Top 20 moves of this elemental type by slot appearances
TOP_MOVES_BY_MOVE_TYPE,Flying,17,Aeroblast,17,0.10,Flying,Special,Top 20 moves of this elemental type by slot appearances
TOP_MOVES_BY_MOVE_TYPE,Flying,18,Beak Blast,13,0.08,Flying,Physical,Top 20 moves of this elemental type by slot appearances
TOP_MOVES_BY_MOVE_TYPE,Flying,19,Pluck,12,0.07,Flying,Physical,Top 20 moves of this elemental type by slot appearances
TOP_MOVES_BY_MOVE_TYPE,Flying,20,Feather Dance,9,0.05,Flying,Status,Top 20 moves of this elemental type by slot appearances
TOP_MOVES_BY_MOVE_TYPE,Ghost,1,Shadow Ball,936,5.59,Ghost,Special,Top 20 moves of this elemental type by slot appearances
TOP_MOVES_BY_MOVE_TYPE,Ghost,2,Shadow Sneak,247,1.48,Ghost,Physical,Top 20 moves of this elemental type by slot appearances
TOP_MOVES_BY_MOVE_TYPE,Ghost,3,Curse,163,0.97,Ghost,Status,Top 20 moves of this elemental type by slot appearances
TOP_MOVES_BY_MOVE_TYPE,Ghost,4,Destiny Bond,159,0.95,Ghost,Status,Top 20 moves of this elemental type by slot appearances
TOP_MOVES_BY_MOVE_TYPE,Ghost,5,Shadow Claw,155,0.93,Ghost,Physical,Top 20 moves of this elemental type by slot appearances
TOP_MOVES_BY_MOVE_TYPE,Ghost,6,Hex,137,0.82,Ghost,Special,Top 20 moves of this elemental type by slot appearances
TOP_MOVES_BY_MOVE_TYPE,Ghost,7,Poltergeist,88,0.53,Ghost,Physical,Top 20 moves of this elemental type by slot appearances
TOP_MOVES_BY_MOVE_TYPE,Ghost,8,Night Shade,63,0.38,Ghost,Special,Top 20 moves of this elemental type by slot appearances
TOP_MOVES_BY_MOVE_TYPE,Ghost,9,Spectral Thief,57,0.34,Ghost,Physical,Top 20 moves of this elemental type by slot appearances
TOP_MOVES_BY_MOVE_TYPE,Ghost,10,Moongeist Beam,44,0.26,Ghost,Special,Top 20 moves of this elemental type by slot appearances
TOP_MOVES_BY_MOVE_TYPE,Ghost,11,Phantom Force,34,0.20,Ghost,Physical,Top 20 moves of this elemental type by slot appearances
TOP_MOVES_BY_MOVE_TYPE,Ghost,12,Astral Barrage,34,0.20,Ghost,Special,Top 20 moves of this elemental type by slot appearances
TOP_MOVES_BY_MOVE_TYPE,Ghost,13,Rage Fist,19,0.11,Ghost,Physical,Top 20 moves of this elemental type by slot appearances
TOP_MOVES_BY_MOVE_TYPE,Ghost,14,Spite,18,0.11,Ghost,Status,Top 20 moves of this elemental type by slot appearances
TOP_MOVES_BY_MOVE_TYPE,Ghost,15,Shadow Punch,14,0.08,Ghost,Physical,Top 20 moves of this elemental type by slot appearances
TOP_MOVES_BY_MOVE_TYPE,Ghost,16,Spirit Shackle,14,0.08,Ghost,Physical,Top 20 moves of this elemental type by slot appearances
TOP_MOVES_BY_MOVE_TYPE,Ghost,17,Shadow Bone,13,0.08,Ghost,Physical,Top 20 moves of this elemental type by slot appearances
TOP_MOVES_BY_MOVE_TYPE,Ghost,18,Last Respects,13,0.08,Ghost,Physical,Top 20 moves of this elemental type by slot appearances
TOP_MOVES_BY_MOVE_TYPE,Ghost,19,Shadow Strike,12,0.07,Ghost,Physical,Top 20 moves of this elemental type by slot appearances
TOP_MOVES_BY_MOVE_TYPE,Ghost,20,Shadow Force,10,0.06,Ghost,Physical,Top 20 moves of this elemental type by slot appearances
TOP_MOVES_BY_MOVE_TYPE,Grass,1,Giga Drain,531,3.17,Grass,Special,Top 20 moves of this elemental type by slot appearances
TOP_MOVES_BY_MOVE_TYPE,Grass,2,Grass Knot,385,2.30,Grass,Special,Top 20 moves of this elemental type by slot appearances
TOP_MOVES_BY_MOVE_TYPE,Grass,3,Hidden Power Grass,375,2.24,Grass,Special,Top 20 moves of this elemental type by slot appearances
TOP_MOVES_BY_MOVE_TYPE,Grass,4,Synthesis,325,1.94,Grass,Status,Top 20 moves of this elemental type by slot appearances
TOP_MOVES_BY_MOVE_TYPE,Grass,5,Energy Ball,315,1.88,Grass,Special,Top 20 moves of this elemental type by slot appearances
TOP_MOVES_BY_MOVE_TYPE,Grass,6,Leech Seed,315,1.88,Grass,Status,Top 20 moves of this elemental type by slot appearances
TOP_MOVES_BY_MOVE_TYPE,Grass,7,Leaf Storm,279,1.67,Grass,Special,Top 20 moves of this elemental type by slot appearances
TOP_MOVES_BY_MOVE_TYPE,Grass,8,Sleep Powder,251,1.50,Grass,Status,Top 20 moves of this elemental type by slot appearances
TOP_MOVES_BY_MOVE_TYPE,Grass,9,Power Whip,241,1.44,Grass,Physical,Top 20 moves of this elemental type by slot appearances
TOP_MOVES_BY_MOVE_TYPE,Grass,10,Seed Bomb,185,1.10,Grass,Physical,Top 20 moves of this elemental type by slot appearances
TOP_MOVES_BY_MOVE_TYPE,Grass,11,Spore,162,0.97,Grass,Status,Top 20 moves of this elemental type by slot appearances
TOP_MOVES_BY_MOVE_TYPE,Grass,12,Wood Hammer,160,0.96,Grass,Physical,Top 20 moves of this elemental type by slot appearances
TOP_MOVES_BY_MOVE_TYPE,Grass,13,Solar Beam,156,0.93,Grass,Special,Top 20 moves of this elemental type by slot appearances
TOP_MOVES_BY_MOVE_TYPE,Grass,14,Leaf Blade,123,0.73,Grass,Physical,Top 20 moves of this elemental type by slot appearances
TOP_MOVES_BY_MOVE_TYPE,Grass,15,Strength Sap,112,0.67,Grass,Status,Top 20 moves of this elemental type by slot appearances
TOP_MOVES_BY_MOVE_TYPE,Grass,16,Aromatherapy,105,0.63,Grass,Status,Top 20 moves of this elemental type by slot appearances
TOP_MOVES_BY_MOVE_TYPE,Grass,17,Horn Leech,99,0.59,Grass,Physical,Top 20 moves of this elemental type by slot appearances
TOP_MOVES_BY_MOVE_TYPE,Grass,18,Bullet Seed,97,0.58,Grass,Physical,Top 20 moves of this elemental type by slot appearances
TOP_MOVES_BY_MOVE_TYPE,Grass,19,Stun Spore,77,0.46,Grass,Status,Top 20 moves of this elemental type by slot appearances
TOP_MOVES_BY_MOVE_TYPE,Grass,20,Grassy Glide,75,0.45,Grass,Physical,Top 20 moves of this elemental type by slot appearances
TOP_MOVES_BY_MOVE_TYPE,Ground,1,Earthquake,2780,16.60,Ground,Physical,Top 20 moves of this elemental type by slot appearances
TOP_MOVES_BY_MOVE_TYPE,Ground,2,Earth Power,926,5.53,Ground,Special,Top 20 moves of this elemental type by slot appearances
TOP_MOVES_BY_MOVE_TYPE,Ground,3,Spikes,673,4.02,Ground,Status,Top 20 moves of this elemental type by slot appearances
TOP_MOVES_BY_MOVE_TYPE,Ground,4,Hidden Power Ground,242,1.45,Ground,Special,Top 20 moves of this elemental type by slot appearances
TOP_MOVES_BY_MOVE_TYPE,Ground,5,High Horsepower,101,0.60,Ground,Physical,Top 20 moves of this elemental type by slot appearances
TOP_MOVES_BY_MOVE_TYPE,Ground,6,Precipice Blades,98,0.59,Ground,Physical,Top 20 moves of this elemental type by slot appearances
TOP_MOVES_BY_MOVE_TYPE,Ground,7,Stomping Tantrum,98,0.59,Ground,Physical,Top 20 moves of this elemental type by slot appearances
TOP_MOVES_BY_MOVE_TYPE,Ground,8,Shore Up,67,0.40,Ground,Status,Top 20 moves of this elemental type by slot appearances
TOP_MOVES_BY_MOVE_TYPE,Ground,9,Thousand Arrows,63,0.38,Ground,Physical,Top 20 moves of this elemental type by slot appearances
TOP_MOVES_BY_MOVE_TYPE,Ground,10,Headlong Rush,63,0.38,Ground,Physical,Top 20 moves of this elemental type by slot appearances
TOP_MOVES_BY_MOVE_TYPE,Ground,11,Bulldoze,50,0.30,Ground,Physical,Top 20 moves of this elemental type by slot appearances
TOP_MOVES_BY_MOVE_TYPE,Ground,12,Drill Run,48,0.29,Ground,Physical,Top 20 moves of this elemental type by slot appearances
TOP_MOVES_BY_MOVE_TYPE,Ground,13,Scorching Sands,34,0.20,Ground,Special,Top 20 moves of this elemental type by slot appearances
TOP_MOVES_BY_MOVE_TYPE,Ground,14,Mud Shot,21,0.13,Ground,Special,Top 20 moves of this elemental type by slot appearances
TOP_MOVES_BY_MOVE_TYPE,Ground,15,Bonemerang,19,0.11,Ground,Physical,Top 20 moves of this elemental type by slot appearances
TOP_MOVES_BY_MOVE_TYPE,Ground,16,Fissure,19,0.11,Ground,Physical,Top 20 moves of this elemental type by slot appearances
TOP_MOVES_BY_MOVE_TYPE,Ground,17,Thousand Waves,18,0.11,Ground,Physical,Top 20 moves of this elemental type by slot appearances
TOP_MOVES_BY_MOVE_TYPE,Ground,18,Dig,14,0.08,Ground,Physical,Top 20 moves of this elemental type by slot appearances
TOP_MOVES_BY_MOVE_TYPE,Ground,19,Sand Tomb,9,0.05,Ground,Physical,Top 20 moves of this elemental type by slot appearances
TOP_MOVES_BY_MOVE_TYPE,Ground,20,Sandsear Storm,8,0.05,Ground,Special,Top 20 moves of this elemental type by slot appearances
TOP_MOVES_BY_MOVE_TYPE,Ice,1,Ice Beam,1522,9.09,Ice,Special,Top 20 moves of this elemental type by slot appearances
TOP_MOVES_BY_MOVE_TYPE,Ice,2,Hidden Power Ice,645,3.85,Ice,Special,Top 20 moves of this elemental type by slot appearances
TOP_MOVES_BY_MOVE_TYPE,Ice,3,Ice Punch,594,3.55,Ice,Physical,Top 20 moves of this elemental type by slot appearances
TOP_MOVES_BY_MOVE_TYPE,Ice,4,Ice Shard,269,1.61,Ice,Physical,Top 20 moves of this elemental type by slot appearances
TOP_MOVES_BY_MOVE_TYPE,Ice,5,Icy Wind,194,1.16,Ice,Special,Top 20 moves of this elemental type by slot appearances
TOP_MOVES_BY_MOVE_TYPE,Ice,6,Freeze-Dry,188,1.12,Ice,Special,Top 20 moves of this elemental type by slot appearances
TOP_MOVES_BY_MOVE_TYPE,Ice,7,Haze,169,1.01,Ice,Status,Top 20 moves of this elemental type by slot appearances
TOP_MOVES_BY_MOVE_TYPE,Ice,8,Blizzard,164,0.98,Ice,Special,Top 20 moves of this elemental type by slot appearances
TOP_MOVES_BY_MOVE_TYPE,Ice,9,Icicle Crash,158,0.94,Ice,Physical,Top 20 moves of this elemental type by slot appearances
TOP_MOVES_BY_MOVE_TYPE,Ice,10,Icicle Spear,117,0.70,Ice,Physical,Top 20 moves of this elemental type by slot appearances
TOP_MOVES_BY_MOVE_TYPE,Ice,11,Ice Spinner,111,0.66,Ice,Physical,Top 20 moves of this elemental type by slot appearances
TOP_MOVES_BY_MOVE_TYPE,Ice,12,Triple Axel,96,0.57,Ice,Physical,Top 20 moves of this elemental type by slot appearances
TOP_MOVES_BY_MOVE_TYPE,Ice,13,Ice Fang,91,0.54,Ice,Physical,Top 20 moves of this elemental type by slot appearances
TOP_MOVES_BY_MOVE_TYPE,Ice,14,Avalanche,53,0.32,Ice,Physical,Top 20 moves of this elemental type by slot appearances
TOP_MOVES_BY_MOVE_TYPE,Ice,15,Glacial Lance,46,0.27,Ice,Physical,Top 20 moves of this elemental type by slot appearances
TOP_MOVES_BY_MOVE_TYPE,Ice,16,Aurora Veil,42,0.25,Ice,Status,Top 20 moves of this elemental type by slot appearances
TOP_MOVES_BY_MOVE_TYPE,Ice,17,Sheer Cold,32,0.19,Ice,Special,Top 20 moves of this elemental type by slot appearances
TOP_MOVES_BY_MOVE_TYPE,Ice,18,Chilly Reception,18,0.11,Ice,Status,Top 20 moves of this elemental type by slot appearances
TOP_MOVES_BY_MOVE_TYPE,Ice,19,Glaciate,17,0.10,Ice,Special,Top 20 moves of this elemental type by slot appearances
TOP_MOVES_BY_MOVE_TYPE,Ice,20,Frost Breath,15,0.09,Ice,Special,Top 20 moves of this elemental type by slot appearances
TOP_MOVES_BY_MOVE_TYPE,Normal,1,Protect,1997,11.93,Normal,Status,Top 20 moves of this elemental type by slot appearances
TOP_MOVES_BY_MOVE_TYPE,Normal,2,Substitute,1598,9.54,Normal,Status,Top 20 moves of this elemental type by slot appearances
TOP_MOVES_BY_MOVE_TYPE,Normal,3,Swords Dance,1440,8.60,Normal,Status,Top 20 moves of this elemental type by slot appearances
TOP_MOVES_BY_MOVE_TYPE,Normal,4,Recover,1066,6.37,Normal,Status,Top 20 moves of this elemental type by slot appearances
TOP_MOVES_BY_MOVE_TYPE,Normal,5,Encore,616,3.68,Normal,Status,Top 20 moves of this elemental type by slot appearances
TOP_MOVES_BY_MOVE_TYPE,Normal,6,Rapid Spin,565,3.37,Normal,Physical,Top 20 moves of this elemental type by slot appearances
TOP_MOVES_BY_MOVE_TYPE,Normal,7,Return,528,3.15,Normal,Physical,Top 20 moves of this elemental type by slot appearances
TOP_MOVES_BY_MOVE_TYPE,Normal,8,Explosion,351,2.10,Normal,Physical,Top 20 moves of this elemental type by slot appearances
TOP_MOVES_BY_MOVE_TYPE,Normal,9,Extreme Speed,348,2.08,Normal,Physical,Top 20 moves of this elemental type by slot appearances
TOP_MOVES_BY_MOVE_TYPE,Normal,10,Fake Out,346,2.07,Normal,Physical,Top 20 moves of this elemental type by slot appearances
TOP_MOVES_BY_MOVE_TYPE,Normal,11,Sleep Talk,329,1.96,Normal,Status,Top 20 moves of this elemental type by slot appearances
TOP_MOVES_BY_MOVE_TYPE,Normal,12,Tera Blast,305,1.82,Normal,Special,Top 20 moves of this elemental type by slot appearances
TOP_MOVES_BY_MOVE_TYPE,Normal,13,Roar,287,1.71,Normal,Status,Top 20 moves of this elemental type by slot appearances
TOP_MOVES_BY_MOVE_TYPE,Normal,14,Pain Split,248,1.48,Normal,Status,Top 20 moves of this elemental type by slot appearances
TOP_MOVES_BY_MOVE_TYPE,Normal,15,Double-Edge,242,1.45,Normal,Physical,Top 20 moves of this elemental type by slot appearances
TOP_MOVES_BY_MOVE_TYPE,Normal,16,Heal Bell,232,1.39,Normal,Status,Top 20 moves of this elemental type by slot appearances
TOP_MOVES_BY_MOVE_TYPE,Normal,17,Wish,222,1.33,Normal,Status,Top 20 moves of this elemental type by slot appearances
TOP_MOVES_BY_MOVE_TYPE,Normal,18,Facade,196,1.17,Normal,Physical,Top 20 moves of this elemental type by slot appearances
TOP_MOVES_BY_MOVE_TYPE,Normal,19,Quick Attack,195,1.16,Normal,Physical,Top 20 moves of this elemental type by slot appearances
TOP_MOVES_BY_MOVE_TYPE,Normal,20,Slack Off,193,1.15,Normal,Status,Top 20 moves of this elemental type by slot appearances
TOP_MOVES_BY_MOVE_TYPE,Poison,1,Toxic,1784,10.65,Poison,Status,Top 20 moves of this elemental type by slot appearances
TOP_MOVES_BY_MOVE_TYPE,Poison,2,Sludge Bomb,615,3.67,Poison,Special,Top 20 moves of this elemental type by slot appearances
TOP_MOVES_BY_MOVE_TYPE,Poison,3,Poison Jab,302,1.80,Poison,Physical,Top 20 moves of this elemental type by slot appearances
TOP_MOVES_BY_MOVE_TYPE,Poison,4,Toxic Spikes,288,1.72,Poison,Status,Top 20 moves of this elemental type by slot appearances
TOP_MOVES_BY_MOVE_TYPE,Poison,5,Gunk Shot,265,1.58,Poison,Physical,Top 20 moves of this elemental type by slot appearances
TOP_MOVES_BY_MOVE_TYPE,Poison,6,Sludge Wave,258,1.54,Poison,Special,Top 20 moves of this elemental type by slot appearances
TOP_MOVES_BY_MOVE_TYPE,Poison,7,Clear Smog,65,0.39,Poison,Special,Top 20 moves of this elemental type by slot appearances
TOP_MOVES_BY_MOVE_TYPE,Poison,8,Coil,47,0.28,Poison,Status,Top 20 moves of this elemental type by slot appearances
TOP_MOVES_BY_MOVE_TYPE,Poison,9,Mortal Spin,40,0.24,Poison,Physical,Top 20 moves of this elemental type by slot appearances
TOP_MOVES_BY_MOVE_TYPE,Poison,10,Acid Spray,31,0.19,Poison,Special,Top 20 moves of this elemental type by slot appearances
TOP_MOVES_BY_MOVE_TYPE,Poison,11,Acid Armor,27,0.16,Poison,Status,Top 20 moves of this elemental type by slot appearances
TOP_MOVES_BY_MOVE_TYPE,Poison,12,Malignant Chain,27,0.16,Poison,Special,Top 20 moves of this elemental type by slot appearances
TOP_MOVES_BY_MOVE_TYPE,Poison,13,Gastro Acid,26,0.16,Poison,Status,Top 20 moves of this elemental type by slot appearances
TOP_MOVES_BY_MOVE_TYPE,Poison,14,Baneful Bunker,16,0.10,Poison,Status,Top 20 moves of this elemental type by slot appearances
TOP_MOVES_BY_MOVE_TYPE,Poison,15,Dire Claw,15,0.09,Poison,Physical,Top 20 moves of this elemental type by slot appearances
TOP_MOVES_BY_MOVE_TYPE,Poison,16,Corrosive Gas,8,0.05,Poison,Status,Top 20 moves of this elemental type by slot appearances
TOP_MOVES_BY_MOVE_TYPE,Poison,17,Poison Fang,7,0.04,Poison,Physical,Top 20 moves of this elemental type by slot appearances
TOP_MOVES_BY_MOVE_TYPE,Poison,18,Poison Sting,6,0.04,Poison,Physical,Top 20 moves of this elemental type by slot appearances
TOP_MOVES_BY_MOVE_TYPE,Poison,19,Cross Poison,6,0.04,Poison,Physical,Top 20 moves of this elemental type by slot appearances
TOP_MOVES_BY_MOVE_TYPE,Poison,20,Shell Side Arm,6,0.04,Poison,Special,Top 20 moves of this elemental type by slot appearances
TOP_MOVES_BY_MOVE_TYPE,Psychic,1,Psychic,1012,6.04,Psychic,Special,Top 20 moves of this elemental type by slot appearances
TOP_MOVES_BY_MOVE_TYPE,Psychic,2,Calm Mind,917,5.48,Psychic,Status,Top 20 moves of this elemental type by slot appearances
TOP_MOVES_BY_MOVE_TYPE,Psychic,3,Trick,632,3.77,Psychic,Status,Top 20 moves of this elemental type by slot appearances
TOP_MOVES_BY_MOVE_TYPE,Psychic,4,Rest,576,3.44,Psychic,Status,Top 20 moves of this elemental type by slot appearances
TOP_MOVES_BY_MOVE_TYPE,Psychic,5,Psyshock,516,3.08,Psychic,Special,Top 20 moves of this elemental type by slot appearances
TOP_MOVES_BY_MOVE_TYPE,Psychic,6,Trick Room,331,1.98,Psychic,Status,Top 20 moves of this elemental type by slot appearances
TOP_MOVES_BY_MOVE_TYPE,Psychic,7,Zen Headbutt,247,1.48,Psychic,Physical,Top 20 moves of this elemental type by slot appearances
TOP_MOVES_BY_MOVE_TYPE,Psychic,8,Reflect,227,1.36,Psychic,Status,Top 20 moves of this elemental type by slot appearances
TOP_MOVES_BY_MOVE_TYPE,Psychic,9,Light Screen,203,1.21,Psychic,Status,Top 20 moves of this elemental type by slot appearances
TOP_MOVES_BY_MOVE_TYPE,Psychic,10,Healing Wish,201,1.20,Psychic,Status,Top 20 moves of this elemental type by slot appearances
TOP_MOVES_BY_MOVE_TYPE,Psychic,11,Agility,148,0.88,Psychic,Status,Top 20 moves of this elemental type by slot appearances
TOP_MOVES_BY_MOVE_TYPE,Psychic,12,Stored Power,140,0.84,Psychic,Special,Top 20 moves of this elemental type by slot appearances
TOP_MOVES_BY_MOVE_TYPE,Psychic,13,Teleport,111,0.66,Psychic,Status,Top 20 moves of this elemental type by slot appearances
TOP_MOVES_BY_MOVE_TYPE,Psychic,14,Psychic Noise,108,0.65,Psychic,Special,Top 20 moves of this elemental type by slot appearances
TOP_MOVES_BY_MOVE_TYPE,Psychic,15,Future Sight,102,0.61,Psychic,Special,Top 20 moves of this elemental type by slot appearances
TOP_MOVES_BY_MOVE_TYPE,Psychic,16,Mirror Coat,80,0.48,Psychic,Special,Top 20 moves of this elemental type by slot appearances
TOP_MOVES_BY_MOVE_TYPE,Psychic,17,Psychic Fangs,75,0.45,Psychic,Physical,Top 20 moves of this elemental type by slot appearances
TOP_MOVES_BY_MOVE_TYPE,Psychic,18,Hypnosis,73,0.44,Psychic,Status,Top 20 moves of this elemental type by slot appearances
TOP_MOVES_BY_MOVE_TYPE,Psychic,19,Magic Coat,67,0.40,Psychic,Status,Top 20 moves of this elemental type by slot appearances
TOP_MOVES_BY_MOVE_TYPE,Psychic,20,Expanding Force,63,0.38,Psychic,Special,Top 20 moves of this elemental type by slot appearances
TOP_MOVES_BY_MOVE_TYPE,Rock,1,Stealth Rock,1928,11.51,Rock,Status,Top 20 moves of this elemental type by slot appearances
TOP_MOVES_BY_MOVE_TYPE,Rock,2,Stone Edge,1135,6.78,Rock,Physical,Top 20 moves of this elemental type by slot appearances
TOP_MOVES_BY_MOVE_TYPE,Rock,3,Rock Slide,627,3.74,Rock,Physical,Top 20 moves of this elemental type by slot appearances
TOP_MOVES_BY_MOVE_TYPE,Rock,4,Rock Blast,218,1.30,Rock,Physical,Top 20 moves of this elemental type by slot appearances
TOP_MOVES_BY_MOVE_TYPE,Rock,5,Rock Tomb,186,1.11,Rock,Physical,Top 20 moves of this elemental type by slot appearances
TOP_MOVES_BY_MOVE_TYPE,Rock,6,Head Smash,165,0.99,Rock,Physical,Top 20 moves of this elemental type by slot appearances
TOP_MOVES_BY_MOVE_TYPE,Rock,7,Rock Polish,120,0.72,Rock,Status,Top 20 moves of this elemental type by slot appearances
TOP_MOVES_BY_MOVE_TYPE,Rock,8,Power Gem,106,0.63,Rock,Special,Top 20 moves of this elemental type by slot appearances
TOP_MOVES_BY_MOVE_TYPE,Rock,9,Diamond Storm,86,0.51,Rock,Physical,Top 20 moves of this elemental type by slot appearances
TOP_MOVES_BY_MOVE_TYPE,Rock,10,Hidden Power Rock,79,0.47,Rock,Special,Top 20 moves of this elemental type by slot appearances
TOP_MOVES_BY_MOVE_TYPE,Rock,11,Meteor Beam,70,0.42,Rock,Special,Top 20 moves of this elemental type by slot appearances
TOP_MOVES_BY_MOVE_TYPE,Rock,12,Wide Guard,63,0.38,Rock,Status,Top 20 moves of this elemental type by slot appearances
TOP_MOVES_BY_MOVE_TYPE,Rock,13,Ancient Power,41,0.24,Rock,Special,Top 20 moves of this elemental type by slot appearances
TOP_MOVES_BY_MOVE_TYPE,Rock,14,Salt Cure,36,0.22,Rock,Physical,Top 20 moves of this elemental type by slot appearances
TOP_MOVES_BY_MOVE_TYPE,Rock,15,Stone Axe,34,0.20,Rock,Physical,Top 20 moves of this elemental type by slot appearances
TOP_MOVES_BY_MOVE_TYPE,Rock,16,Smack Down,29,0.17,Rock,Physical,Top 20 moves of this elemental type by slot appearances
TOP_MOVES_BY_MOVE_TYPE,Rock,17,Accelerock,28,0.17,Rock,Physical,Top 20 moves of this elemental type by slot appearances
TOP_MOVES_BY_MOVE_TYPE,Rock,18,Rock Wrecker,19,0.11,Rock,Physical,Top 20 moves of this elemental type by slot appearances
TOP_MOVES_BY_MOVE_TYPE,Rock,19,Mighty Cleave,17,0.10,Rock,Physical,Top 20 moves of this elemental type by slot appearances
TOP_MOVES_BY_MOVE_TYPE,Rock,20,Paleo Wave,10,0.06,Rock,Special,Top 20 moves of this elemental type by slot appearances
TOP_MOVES_BY_MOVE_TYPE,Steel,1,Iron Head,528,3.15,Steel,Physical,Top 20 moves of this elemental type by slot appearances
TOP_MOVES_BY_MOVE_TYPE,Steel,2,Flash Cannon,318,1.90,Steel,Special,Top 20 moves of this elemental type by slot appearances
TOP_MOVES_BY_MOVE_TYPE,Steel,3,Heavy Slam,247,1.48,Steel,Physical,Top 20 moves of this elemental type by slot appearances
TOP_MOVES_BY_MOVE_TYPE,Steel,4,Bullet Punch,231,1.38,Steel,Physical,Top 20 moves of this elemental type by slot appearances
TOP_MOVES_BY_MOVE_TYPE,Steel,5,Iron Defense,188,1.12,Steel,Status,Top 20 moves of this elemental type by slot appearances
TOP_MOVES_BY_MOVE_TYPE,Steel,6,Gyro Ball,122,0.73,Steel,Physical,Top 20 moves of this elemental type by slot appearances
TOP_MOVES_BY_MOVE_TYPE,Steel,7,Meteor Mash,90,0.54,Steel,Physical,Top 20 moves of this elemental type by slot appearances
TOP_MOVES_BY_MOVE_TYPE,Steel,8,King's Shield,77,0.46,Steel,Status,Top 20 moves of this elemental type by slot appearances
TOP_MOVES_BY_MOVE_TYPE,Steel,9,Iron Tail,76,0.45,Steel,Physical,Top 20 moves of this elemental type by slot appearances
TOP_MOVES_BY_MOVE_TYPE,Steel,10,Sunsteel Strike,56,0.33,Steel,Physical,Top 20 moves of this elemental type by slot appearances
TOP_MOVES_BY_MOVE_TYPE,Steel,11,Shift Gear,54,0.32,Steel,Status,Top 20 moves of this elemental type by slot appearances
TOP_MOVES_BY_MOVE_TYPE,Steel,12,Make It Rain,37,0.22,Steel,Special,Top 20 moves of this elemental type by slot appearances
TOP_MOVES_BY_MOVE_TYPE,Steel,13,Metal Burst,36,0.22,Steel,Physical,Top 20 moves of this elemental type by slot appearances
TOP_MOVES_BY_MOVE_TYPE,Steel,14,Steel Beam,36,0.22,Steel,Special,Top 20 moves of this elemental type by slot appearances
TOP_MOVES_BY_MOVE_TYPE,Steel,15,Tachyon Cutter,33,0.20,Steel,Special,Top 20 moves of this elemental type by slot appearances
TOP_MOVES_BY_MOVE_TYPE,Steel,16,Anchor Shot,32,0.19,Steel,Physical,Top 20 moves of this elemental type by slot appearances
TOP_MOVES_BY_MOVE_TYPE,Steel,17,Gear Grind,23,0.14,Steel,Physical,Top 20 moves of this elemental type by slot appearances
TOP_MOVES_BY_MOVE_TYPE,Steel,18,Doom Desire,21,0.13,Steel,Special,Top 20 moves of this elemental type by slot appearances
TOP_MOVES_BY_MOVE_TYPE,Steel,19,Smart Strike,21,0.13,Steel,Physical,Top 20 moves of this elemental type by slot appearances
TOP_MOVES_BY_MOVE_TYPE,Steel,20,Autotomize,18,0.11,Steel,Status,Top 20 moves of this elemental type by slot appearances
TOP_MOVES_BY_MOVE_TYPE,Water,1,Scald,778,4.65,Water,Special,Top 20 moves of this elemental type by slot appearances
TOP_MOVES_BY_MOVE_TYPE,Water,2,Hydro Pump,641,3.83,Water,Special,Top 20 moves of this elemental type by slot appearances
TOP_MOVES_BY_MOVE_TYPE,Water,3,Surf,535,3.20,Water,Special,Top 20 moves of this elemental type by slot appearances
TOP_MOVES_BY_MOVE_TYPE,Water,4,Waterfall,380,2.27,Water,Physical,Top 20 moves of this elemental type by slot appearances
TOP_MOVES_BY_MOVE_TYPE,Water,5,Aqua Jet,305,1.82,Water,Physical,Top 20 moves of this elemental type by slot appearances
TOP_MOVES_BY_MOVE_TYPE,Water,6,Flip Turn,214,1.28,Water,Physical,Top 20 moves of this elemental type by slot appearances
TOP_MOVES_BY_MOVE_TYPE,Water,7,Rain Dance,163,0.97,Water,Status,Top 20 moves of this elemental type by slot appearances
TOP_MOVES_BY_MOVE_TYPE,Water,8,Liquidation,158,0.94,Water,Physical,Top 20 moves of this elemental type by slot appearances
TOP_MOVES_BY_MOVE_TYPE,Water,9,Aqua Tail,131,0.78,Water,Physical,Top 20 moves of this elemental type by slot appearances
TOP_MOVES_BY_MOVE_TYPE,Water,10,Steam Eruption,101,0.60,Water,Special,Top 20 moves of this elemental type by slot appearances
TOP_MOVES_BY_MOVE_TYPE,Water,11,Water Spout,82,0.49,Water,Special,Top 20 moves of this elemental type by slot appearances
TOP_MOVES_BY_MOVE_TYPE,Water,12,Surging Strikes,62,0.37,Water,Physical,Top 20 moves of this elemental type by slot appearances
TOP_MOVES_BY_MOVE_TYPE,Water,13,Crabhammer,53,0.32,Water,Physical,Top 20 moves of this elemental type by slot appearances
TOP_MOVES_BY_MOVE_TYPE,Water,14,Origin Pulse,45,0.27,Water,Special,Top 20 moves of this elemental type by slot appearances
TOP_MOVES_BY_MOVE_TYPE,Water,15,Wave Crash,45,0.27,Water,Physical,Top 20 moves of this elemental type by slot appearances
TOP_MOVES_BY_MOVE_TYPE,Water,16,Muddy Water,34,0.20,Water,Special,Top 20 moves of this elemental type by slot appearances
TOP_MOVES_BY_MOVE_TYPE,Water,17,Water Pulse,30,0.18,Water,Special,Top 20 moves of this elemental type by slot appearances
TOP_MOVES_BY_MOVE_TYPE,Water,18,Hydro Cannon,30,0.18,Water,Special,Top 20 moves of this elemental type by slot appearances
TOP_MOVES_BY_MOVE_TYPE,Water,19,Jet Punch,27,0.16,Water,Physical,Top 20 moves of this elemental type by slot appearances
TOP_MOVES_BY_MOVE_TYPE,Water,20,Whirlpool,26,0.16,Water,Special,Top 20 moves of this elemental type by slot appearances
TOP_STATUS_MOVES,,1,Protect,1997,11.93,Normal,Status,
TOP_STATUS_MOVES,,2,Stealth Rock,1928,11.51,Rock,Status,
TOP_STATUS_MOVES,,3,Toxic,1784,10.65,Poison,Status,
TOP_STATUS_MOVES,,4,Substitute,1598,9.54,Normal,Status,
TOP_STATUS_MOVES,,5,Swords Dance,1440,8.60,Normal,Status,
TOP_STATUS_MOVES,,6,Taunt,1408,8.41,Dark,Status,
TOP_STATUS_MOVES,,7,Roost,1207,7.21,Flying,Status,
TOP_STATUS_MOVES,,8,Recover,1066,6.37,Normal,Status,
TOP_STATUS_MOVES,,9,Calm Mind,917,5.48,Psychic,Status,
TOP_STATUS_MOVES,,10,Thunder Wave,886,5.29,Electric,Status,
TOP_STATUS_MOVES,,11,Will-O-Wisp,858,5.12,Fire,Status,
TOP_STATUS_MOVES,,12,Spikes,673,4.02,Ground,Status,
TOP_STATUS_MOVES,,13,Trick,632,3.77,Psychic,Status,
TOP_STATUS_MOVES,,14,Encore,616,3.68,Normal,Status,
TOP_STATUS_MOVES,,15,Defog,609,3.64,Flying,Status,
TOP_STATUS_MOVES,,16,Nasty Plot,603,3.60,Dark,Status,
TOP_STATUS_MOVES,,17,Rest,576,3.44,Psychic,Status,
TOP_STATUS_MOVES,,18,Dragon Dance,443,2.65,Dragon,Status,
TOP_STATUS_MOVES,,19,Trick Room,331,1.98,Psychic,Status,
TOP_STATUS_MOVES,,20,Sleep Talk,329,1.96,Normal,Status,
TOP_STATUS_MOVES,,21,Synthesis,325,1.94,Grass,Status,
TOP_STATUS_MOVES,,22,Leech Seed,315,1.88,Grass,Status,
TOP_STATUS_MOVES,,23,Toxic Spikes,288,1.72,Poison,Status,
TOP_STATUS_MOVES,,24,Roar,287,1.71,Normal,Status,
TOP_STATUS_MOVES,,25,Bulk Up,282,1.68,Fighting,Status,
TOP_STATUS_MOVES,,26,Sleep Powder,251,1.50,Grass,Status,
TOP_STATUS_MOVES,,27,Pain Split,248,1.48,Normal,Status,
TOP_STATUS_MOVES,,28,Heal Bell,232,1.39,Normal,Status,
TOP_STATUS_MOVES,,29,Reflect,227,1.36,Psychic,Status,
TOP_STATUS_MOVES,,30,Tailwind,226,1.35,Flying,Status,
TOP_STATUS_MOVES,,31,Wish,222,1.33,Normal,Status,
TOP_STATUS_MOVES,,32,Light Screen,203,1.21,Psychic,Status,
TOP_STATUS_MOVES,,33,Healing Wish,201,1.20,Psychic,Status,
TOP_STATUS_MOVES,,34,Slack Off,193,1.15,Normal,Status,
TOP_STATUS_MOVES,,35,Iron Defense,188,1.12,Steel,Status,
TOP_STATUS_MOVES,,36,Baton Pass,180,1.08,Normal,Status,
TOP_STATUS_MOVES,,37,Shell Smash,177,1.06,Normal,Status,
TOP_STATUS_MOVES,,38,Whirlwind,175,1.05,Normal,Status,
TOP_STATUS_MOVES,,39,Haze,169,1.01,Ice,Status,
TOP_STATUS_MOVES,,40,Soft-Boiled,165,0.99,Normal,Status,
TOP_STATUS_MOVES,,41,Rain Dance,163,0.97,Water,Status,
TOP_STATUS_MOVES,,42,Curse,163,0.97,Ghost,Status,
TOP_STATUS_MOVES,,43,Spore,162,0.97,Grass,Status,
TOP_STATUS_MOVES,,44,Destiny Bond,159,0.95,Ghost,Status,
TOP_STATUS_MOVES,,45,Agility,148,0.88,Psychic,Status,
TOP_STATUS_MOVES,,46,Parting Shot,148,0.88,Dark,Status,
TOP_STATUS_MOVES,,47,Quiver Dance,144,0.86,Bug,Status,
TOP_STATUS_MOVES,,48,Moonlight,139,0.83,Fairy,Status,
TOP_STATUS_MOVES,,49,Yawn,131,0.78,Normal,Status,
TOP_STATUS_MOVES,,50,Endure,129,0.77,Normal,Status,
WEATHER_SETTING_MOVES,,1,Rain Dance,163,0.97,,,Traditional weather field moves only
WEATHER_SETTING_MOVES,,2,Sunny Day,100,0.60,,,Traditional weather field moves only
WEATHER_SETTING_MOVES,,3,Chilly Reception,18,0.11,,,Traditional weather field moves only
WEATHER_SETTING_MOVES,,4,Hail,5,0.03,,,Traditional weather field moves only
WEATHER_SETTING_MOVES,,5,Snowscape,2,0.01,,,Traditional weather field moves only
WEATHER_SETTING_MOVES,,6,Sandstorm,1,0.01,,,Traditional weather field moves only
WEATHER_INDUCING_ABILITIES,,1,Drizzle,61,0.36,,,Build rows where ability sets field weather on switch
WEATHER_INDUCING_ABILITIES,,2,Snow Warning,59,0.35,,,Build rows where ability sets field weather on switch
WEATHER_INDUCING_ABILITIES,,3,Drought,52,0.31,,,Build rows where ability sets field weather on switch
WEATHER_INDUCING_ABILITIES,,4,Primordial Sea,23,0.14,,,Build rows where ability sets field weather on switch
WEATHER_INDUCING_ABILITIES,,5,Desolate Land,22,0.13,,,Build rows where ability sets field weather on switch
WEATHER_INDUCING_ABILITIES,,6,Sand Stream,9,0.05,,,Build rows where ability sets field weather on switch
WEATHER_INDUCING_ABILITIES,,7,Delta Stream,2,0.01,,,Build rows where ability sets field weather on switch
TERRAIN_MOVES,,1,Psychic Terrain,2,0.01,,,
TERRAIN_MOVES,,2,Electric Terrain,1,0.01,,,
TERRAIN_MOVES,,3,Misty Terrain,1,0.01,,,
HAZARD_ENTRY_MOVES,,1,Stealth Rock,1928,11.51,,,Includes hazard-like G-Max where listed in presets
HAZARD_ENTRY_MOVES,,2,Spikes,673,4.02,,,Includes hazard-like G-Max where listed in presets
HAZARD_ENTRY_MOVES,,3,Toxic Spikes,288,1.72,,,Includes hazard-like G-Max where listed in presets
HAZARD_ENTRY_MOVES,,4,Sticky Web,117,0.70,,,Includes hazard-like G-Max where listed in presets
HAZARD_ENTRY_MOVES,,5,Stone Axe,34,0.20,,,Includes hazard-like G-Max where listed in presets
HAZARD_ENTRY_MOVES,,6,Ceaseless Edge,29,0.17,,,Includes hazard-like G-Max where listed in presets
PROTECT_AND_STANCE_MOVES,,1,Protect,1997,11.93,,,Protect clones + Wide/Quick Guard family
PROTECT_AND_STANCE_MOVES,,2,Endure,129,0.77,,,Protect clones + Wide/Quick Guard family
PROTECT_AND_STANCE_MOVES,,3,King's Shield,77,0.46,,,Protect clones + Wide/Quick Guard family
PROTECT_AND_STANCE_MOVES,,4,Wide Guard,63,0.38,,,Protect clones + Wide/Quick Guard family
PROTECT_AND_STANCE_MOVES,,5,Detect,60,0.36,,,Protect clones + Wide/Quick Guard family
PROTECT_AND_STANCE_MOVES,,6,Spiky Shield,52,0.31,,,Protect clones + Wide/Quick Guard family
PROTECT_AND_STANCE_MOVES,,7,Quick Guard,22,0.13,,,Protect clones + Wide/Quick Guard family
PROTECT_AND_STANCE_MOVES,,8,Baneful Bunker,16,0.10,,,Protect clones + Wide/Quick Guard family
PROTECT_AND_STANCE_MOVES,,9,Burning Bulwark,14,0.08,,,Protect clones + Wide/Quick Guard family
PROTECT_AND_STANCE_MOVES,,10,Crafty Shield,1,0.01,,,Protect clones + Wide/Quick Guard family
PROTECT_AND_STANCE_MOVES,,11,Obstruct,1,0.01,,,Protect clones + Wide/Quick Guard family
PROTECT_AND_STANCE_MOVES,,12,Silk Trap,1,0.01,,,Protect clones + Wide/Quick Guard family
PIVOT_AND_MOMENTUM_MOVES,,1,U-turn,1856,11.08,,,Switching / tempo moves common in builds
PIVOT_AND_MOMENTUM_MOVES,,2,Volt Switch,743,4.44,,,Switching / tempo moves common in builds
PIVOT_AND_MOMENTUM_MOVES,,3,Flip Turn,214,1.28,,,Switching / tempo moves common in builds
PIVOT_AND_MOMENTUM_MOVES,,4,Baton Pass,180,1.08,,,Switching / tempo moves common in builds
PIVOT_AND_MOMENTUM_MOVES,,5,Parting Shot,148,0.88,,,Switching / tempo moves common in builds
PIVOT_AND_MOMENTUM_MOVES,,6,Teleport,111,0.66,,,Switching / tempo moves common in builds
PIVOT_AND_MOMENTUM_MOVES,,7,Chilly Reception,18,0.11,,,Switching / tempo moves common in builds
SPEED_CONTROL_MOVES,,1,Trick Room,331,1.98,,,"Tailwind, Trick Room, spread speed drops"
SPEED_CONTROL_MOVES,,2,Tailwind,226,1.35,,,"Tailwind, Trick Room, spread speed drops"
SPEED_CONTROL_MOVES,,3,Icy Wind,194,1.16,,,"Tailwind, Trick Room, spread speed drops"
SPEED_CONTROL_MOVES,,4,Electroweb,30,0.18,,,"Tailwind, Trick Room, spread speed drops"